symbol,timestamp,bid_price,bid_size,ask_price,ask_size,mid_price,abs_spread,rel_spread_bps
BTC/USD,2026-01-29 06:17:21.884722+00:00,88120.9,1.2744,88230.381,1.2811,88175.6405,109.48099999999977,12.416240968501928
BTC/USD,2026-01-29 06:17:21.884876+00:00,88120.9,1.2744,88238.784,2.5514,88179.842,117.88400000000547,13.368588253991822
BTC/USD,2026-01-29 06:17:21.884884+00:00,88120.9,1.2744,88225.46,1.2768,88173.18,104.56000000001222,11.858481229781235
BTC/USD,2026-01-29 06:17:21.884887+00:00,88108.91,1.2763,88225.46,1.2768,88167.185,116.55000000000291,13.219203947591488
BTC/USD,2026-01-29 06:17:21.960418+00:00,88096.4,2.56803,88225.46,1.2768,88160.93,129.06000000001222,14.639137767717767
BTC/USD,2026-01-29 06:17:21.960439+00:00,88140.408,1.2898,88225.46,1.2768,88182.93400000001,85.0520000000106,9.64495012152925
BTC/USD,2026-01-29 06:17:21.960446+00:00,88140.408,1.2898,88259.9,2.5753,88200.154,119.49199999999837,13.547822150060913
BTC/USD,2026-01-29 06:17:21.960452+00:00,88140.408,1.2898,88191.23,1.2852,88165.81899999999,50.822000000000116,5.764365439626906
BTC/USD,2026-01-29 06:17:22.942074+00:00,88096.56,2.58025,88191.23,1.2852,88143.89499999999,94.66999999999825,10.740392173502007
BTC/USD,2026-01-29 06:17:22.942098+00:00,88110.666,1.272,88191.23,1.2852,88150.948,80.56399999999849,9.139323152826273
BTC/USD,2026-01-29 06:17:22.942106+00:00,88110.666,1.272,88246.885,2.572,88178.77549999999,136.21899999999732,15.448048493256445
BTC/USD,2026-01-29 06:17:22.942116+00:00,88110.666,1.272,88224.2,1.283,88167.43299999999,113.53399999999965,12.877090342416986
BTC/USD,2026-01-29 06:17:43.903000+00:00,88110.454,2.567,88224.2,1.283,88167.32699999999,113.74599999999919,12.901151012551304
BTC/USD,2026-01-29 06:17:43.903024+00:00,88139.1,1.2781,88224.2,1.283,88181.65,85.09999999999127,9.650533869573916
BTC/USD,2026-01-29 06:17:43.903034+00:00,88139.1,1.2781,88236.346,2.5354,88187.723,97.24599999999919,11.027158508219925
BTC/USD,2026-01-29 06:17:43.903139+00:00,88139.1,1.2781,88198.49,1.275,88168.79500000001,59.38999999999942,6.735943255207175
BTC/USD,2026-01-29 06:17:44.986326+00:00,88067.1,2.55,88198.49,1.275,88132.79500000001,131.38999999999942,14.90818485899595
BTC/USD,2026-01-29 06:17:44.986349+00:00,88114.8,1.289,88198.49,1.275,88156.645,83.69000000000233,9.493328608410895
BTC/USD,2026-01-29 06:17:44.986388+00:00,88114.8,1.289,88206.56,2.57678,88160.68,91.75999999999476,10.40826817578934
BTC/USD,2026-01-29 06:17:44.986441+00:00,88114.8,1.289,88224.1,1.2711,88169.45000000001,109.30000000000291,12.39658407759183
BTC/USD,2026-01-29 06:17:44.986475+00:00,88114.8,1.289,88207.84,2.572,88161.32,93.0399999999936,10.553381006544999
BTC/USD,2026-01-29 06:17:53.908248+00:00,88073.97,2.5777,88207.84,2.572,88140.905,133.86999999999534,15.188180788476739
BTC/USD,2026-01-29 06:17:53.908280+00:00,88097.8,1.266,88207.84,2.572,88152.82,110.0399999999936,12.482867819769531
BTC/USD,2026-01-29 06:17:53.908285+00:00,88097.8,1.266,88224.1,1.2711,88160.95000000001,126.30000000000291,14.326070669610854
BTC/USD,2026-01-29 06:17:53.908494+00:00,88097.8,1.266,88171.26,1.26616,88134.53,73.45999999999185,8.334985164156642
BTC/USD,2026-01-29 06:18:07.341837+00:00,88067.4,2.57671,88171.26,1.26616,88119.32999999999,103.86000000000058,11.786290249823802
BTC/USD,2026-01-29 06:18:07.341862+00:00,88090.456,1.2677,88171.26,1.26616,88130.85800000001,80.80399999998917,9.168638753067532
BTC/USD,2026-01-29 06:18:07.341873+00:00,88090.456,1.2677,88223.06,2.55967,88156.758,132.60399999999208,15.041841715639325
BTC/USD,2026-01-29 06:18:07.341881+00:00,88090.456,1.2677,88202.267,1.28819,88146.3615,111.81100000000151,12.684698278782784
BTC/USD,2026-01-29 06:18:07.767808+00:00,88050.91,2.5551,88202.267,1.28819,88126.58850000001,151.3570000000036,17.174952823687665
BTC/USD,2026-01-29 06:18:07.767835+00:00,88101.38,1.2746,88202.267,1.28819,88151.8235,100.88700000000244,11.444686677412005
BTC/USD,2026-01-29 06:18:07.767845+00:00,88101.38,1.2746,88207.4,2.53207,88154.39,106.01999999998952,12.026627374993977
BTC/USD,2026-01-29 06:18:07.767853+00:00,88101.38,1.2746,88167.3,1.2723,88134.34,65.91999999999825,7.479490967992528
BTC/USD,2026-01-29 06:18:13.090177+00:00,88045.75,3.86571,88167.3,1.2723,88106.525,121.55000000000291,13.795800027296835
BTC/USD,2026-01-29 06:18:13.090223+00:00,88109.263,1.2775,88167.3,1.2723,88138.28150000001,58.036999999996624,6.584766461551286
BTC/USD,2026-01-29 06:18:13.090234+00:00,88109.263,1.2775,88196.6,2.567,88152.9315,87.33699999999953,9.907441365123466
BTC/USD,2026-01-29 06:18:13.090323+00:00,88109.263,1.2775,88188.337,1.28293,88148.8,79.07399999999325,8.97051349536162
BTC/USD,2026-01-29 06:18:16.412618+00:00,88047.9,2.553,88188.337,1.28293,88118.1185,140.43700000000536,15.937357990684442
BTC/USD,2026-01-29 06:18:16.412644+00:00,88087.16,1.286,88188.337,1.28293,88137.7485,101.17699999999604,11.479417357705257
BTC/USD,2026-01-29 06:18:16.412651+00:00,88087.16,1.286,88212.054,2.54974,88149.607,124.89400000000023,14.168412571595496
BTC/USD,2026-01-29 06:18:16.412661+00:00,88087.16,1.286,88193.8,1.27,88140.48000000001,106.63999999999942,12.098867625862646
BTC/USD,2026-01-29 06:18:40.863594+00:00,88043.5,2.56239,88193.8,1.27,88118.65,150.3000000000029,17.056548188153464
BTC/USD,2026-01-29 06:18:40.863637+00:00,88091.5,1.27497,88193.8,1.27,88142.65,102.30000000000291,11.60618610854143
BTC/USD,2026-01-29 06:18:40.863647+00:00,88091.5,1.27497,88198.1,2.53889,88144.8,106.60000000000582,12.093736669662398
BTC/USD,2026-01-29 06:18:40.863652+00:00,88091.5,1.27497,88172.66,1.278,88132.08,81.16000000000349,9.208905542681336
BTC/USD,2026-01-29 06:18:46.296293+00:00,88048.0,2.5773,88172.66,1.278,88110.33,124.66000000000349,14.14817082174173
BTC/USD,2026-01-29 06:18:46.296323+00:00,88054.2,1.282,88172.66,1.278,88113.43,118.4600000000064,13.444034581335265
BTC/USD,2026-01-29 06:18:46.296331+00:00,88054.2,1.282,88195.9,2.55336,88125.04999999999,141.6999999999971,16.079423501035983
BTC/USD,2026-01-29 06:18:46.296487+00:00,88054.2,1.282,88165.369,1.2728,88109.78450000001,111.16900000000896,12.61710043111148
BTC/USD,2026-01-29 06:18:50.045163+00:00,88054.2,1.282,88165.369,1.272713,88109.78450000001,111.16900000000896,12.61710043111148
BTC/USD,2026-01-29 06:18:53.509962+00:00,88040.158,2.55843,88165.369,1.272713,88102.7635,125.21100000001024,14.211926507845607
BTC/USD,2026-01-29 06:18:53.509976+00:00,88098.1,1.27882,88165.369,1.272713,88131.7345,67.26900000000023,7.63277840628454
BTC/USD,2026-01-29 06:18:53.509982+00:00,88098.1,1.27882,88209.173,2.55866,88153.6365,111.0729999999894,12.599933980033757
BTC/USD,2026-01-29 06:18:53.509989+00:00,88098.1,1.27882,88152.6,1.28381,88125.35,54.5,6.184372601073357
BTC/USD,2026-01-29 06:18:53.694335+00:00,88050.573,2.55143,88152.6,1.28381,88101.5865,102.02700000000186,11.580608710150965
BTC/USD,2026-01-29 06:18:53.694356+00:00,88096.17,1.2896,88152.6,1.28381,88124.38500000001,56.43000000000757,6.403448943219015
BTC/USD,2026-01-29 06:18:53.694365+00:00,88096.17,1.2896,88189.6,2.546,88142.88500000001,93.43000000000757,10.599834575417807
BTC/USD,2026-01-29 06:18:53.694377+00:00,88096.17,1.2896,88166.12,1.2704,88131.14499999999,69.94999999999709,7.937035199077137
BTC/USD,2026-01-29 06:18:54.007881+00:00,88046.73,2.5516,88166.12,1.2704,88106.42499999999,119.38999999999942,13.550657627976557
BTC/USD,2026-01-29 06:18:54.007913+00:00,88077.9,1.274,88166.12,1.2704,88122.01,88.22000000000116,10.011119809909145
BTC/USD,2026-01-29 06:18:54.007922+00:00,88077.9,1.274,88211.35,2.5781,88144.625,133.45000000001164,15.139890832822948
BTC/USD,2026-01-29 06:18:54.007928+00:00,88077.9,1.274,88153.952,1.289,88115.926,76.0520000000106,8.63090288582005
BTC/USD,2026-01-29 06:19:01.094303+00:00,88076.7,2.53081,88153.952,1.289,88115.326,77.25200000000768,8.767146818478285
BTC/USD,2026-01-29 06:19:01.094331+00:00,88097.3,1.278,88153.952,1.289,88125.626,56.65200000000186,6.428550079179223
BTC/USD,2026-01-29 06:19:01.094342+00:00,88097.3,1.278,88229.3,2.546,88163.3,132.0,14.972216330377831
BTC/USD,2026-01-29 06:19:01.094349+00:00,88097.3,1.278,88199.851,1.281,88148.5755,102.5509999999922,11.633880572465088
BTC/USD,2026-01-29 06:19:01.094474+00:00,88097.3,1.278,88181.755,2.53553,88139.5275,84.45500000000175,9.581966501919556
BTC/USD,2026-01-29 06:19:02.758865+00:00,88040.0,2.54169,88181.755,2.53553,88110.8775,141.75500000000466,16.088251986822474
BTC/USD,2026-01-29 06:19:02.758891+00:00,88075.128,1.26574,88181.755,2.53553,88128.4415,106.62700000000768,12.099045232747896
BTC/USD,2026-01-29 06:19:02.758901+00:00,88075.128,1.26574,88199.851,1.281,88137.4895,124.72299999999814,14.150958996852088
BTC/USD,2026-01-29 06:19:02.758911+00:00,88075.128,1.26574,88161.354,1.29,88118.24100000001,86.22600000000966,9.785261147009239
BTC/USD,2026-01-29 06:19:05.093185+00:00,88068.139,2.5453,88161.354,1.29,88114.74650000001,93.21500000001106,10.578819516891087
BTC/USD,2026-01-29 06:19:05.093234+00:00,88081.86,1.2777,88161.354,1.29,88121.607,79.49400000000605,9.020943070183234
BTC/USD,2026-01-29 06:19:05.093845+00:00,88081.86,1.2777,88191.1,2.5677,88136.48000000001,109.24000000000524,12.394413754668353
BTC/USD,2026-01-29 06:19:05.093860+00:00,88081.86,1.2777,88155.1,1.2892,88118.48000000001,73.24000000000524,8.311536921654259
BTC/USD,2026-01-29 06:19:16.431082+00:00,88040.9,2.569,88155.1,1.2892,88098.0,114.20000000001164,12.962836840792258
BTC/USD,2026-01-29 06:19:16.431106+00:00,88085.21,1.279,88155.1,1.2892,88120.155,69.88999999999942,7.931216189985074
BTC/USD,2026-01-29 06:19:16.431115+00:00,88085.21,1.279,88183.6,2.5434,88134.405,98.38999999999942,11.16363127430195
BTC/USD,2026-01-29 06:19:16.431123+00:00,88085.21,1.279,88160.112,1.26924,88122.661,74.90199999998731,8.49974332935626
BTC/USD,2026-01-29 06:19:16.700434+00:00,88067.3,2.57197,88160.112,1.26924,88113.706,92.8119999999908,10.533208080022284
BTC/USD,2026-01-29 06:19:16.700456+00:00,88077.352,1.2761,88160.112,1.26924,88118.73199999999,82.75999999999476,9.391873682430516
BTC/USD,2026-01-29 06:19:16.700464+00:00,88077.352,1.2761,88169.085,2.5549,88123.2185,91.73300000000745,10.409628876640207
BTC/USD,2026-01-29 06:19:16.700473+00:00,88077.352,1.2761,88150.1,1.275,88113.726,72.74800000000687,8.256148423459798
BTC/USD,2026-01-29 06:19:33.628630+00:00,88076.1,2.5695,88150.1,1.275,88113.1,74.0,8.398297188499779
BTC/USD,2026-01-29 06:19:33.628662+00:00,88076.1,2.5695,88184.497,2.5442,88130.2985,108.3969999999972,12.29962928129617
BTC/USD,2026-01-29 06:19:33.628702+00:00,88076.1,2.5695,88152.466,1.28053,88114.283,76.36599999999453,8.666699359057887
BTC/USD,2026-01-29 06:19:33.628718+00:00,88063.6,1.269,88152.466,1.28053,88108.033,88.86599999999453,10.086027002781295
BTC/USD,2026-01-29 06:19:33.628728+00:00,88063.925,2.578,88152.466,1.28053,88108.1955,88.54099999999744,10.049121934405914
BTC/USD,2026-01-29 06:19:36.765186+00:00,88063.6,1.269,88152.466,1.28053,88108.033,88.86599999999453,10.086027002781295
BTC/USD,2026-01-29 06:19:36.765306+00:00,88068.5,1.2852,88152.466,1.28053,88110.48300000001,83.96600000000035,9.529626571221991
BTC/USD,2026-01-29 06:19:36.765319+00:00,88068.5,1.2852,88175.34,2.536,88121.92,106.83999999999651,12.124111685264745
BTC/USD,2026-01-29 06:19:36.765430+00:00,88068.5,1.2852,88177.407,1.269,88122.9535,108.90700000000652,12.358528133082434
BTC/USD,2026-01-29 06:19:36.765436+00:00,88068.5,1.2852,88171.159,2.5716,88119.82949999999,102.65899999999965,11.64993175571222
BTC/USD,2026-01-29 06:20:06.293207+00:00,88026.978,2.549,88171.159,2.5716,88099.0685,144.18099999999686,16.365780303340763
BTC/USD,2026-01-29 06:20:06.293237+00:00,88064.0,1.2865,88171.159,2.5716,88117.57949999999,107.15899999999965,12.160910525237437
BTC/USD,2026-01-29 06:20:06.293249+00:00,88064.0,1.2865,88177.407,1.269,88120.7035,113.40700000000652,12.869506880412787
BTC/USD,2026-01-29 06:20:06.293279+00:00,88064.0,1.2865,88185.605,1.266,88124.80249999999,121.60499999999593,13.799179861991288
BTC/USD,2026-01-29 06:20:06.293288+00:00,88064.0,1.2865,88171.69,2.5649,88117.845,107.69000000000233,12.221134096050843
BTC/USD,2026-01-29 06:20:06.895679+00:00,88036.1,2.566,88171.69,2.5649,88103.895,135.5899999999965,15.389784980561473
BTC/USD,2026-01-29 06:20:06.895702+00:00,88089.81,1.27447,88171.69,2.5649,88130.75,81.88000000000466,9.290741313333276
BTC/USD,2026-01-29 06:20:06.895710+00:00,88089.81,1.27447,88185.605,1.266,88137.70749999999,95.79499999999825,10.868787346210278
BTC/USD,2026-01-29 06:20:06.896111+00:00,88089.81,1.27447,88158.07,1.2751,88123.94,68.26000000000931,7.7459087734853105
BTC/USD,2026-01-29 06:20:08.896807+00:00,88062.6,2.56704,88158.07,1.2751,88110.335,95.47000000000116,10.835278290566158
BTC/USD,2026-01-29 06:20:08.896846+00:00,88062.6,2.56704,88197.107,2.53184,88129.8535,134.5069999999978,15.262365096294843
BTC/USD,2026-01-29 06:20:08.896852+00:00,88062.6,2.56704,88147.25,1.28527,88104.925,84.64999999999418,9.607862443557403
BTC/USD,2026-01-29 06:20:08.896856+00:00,88038.7,1.2901,88147.25,1.28527,88092.975,108.55000000000291,12.322208439436052
BTC/USD,2026-01-29 06:20:08.896871+00:00,88038.713,2.566,88147.25,1.28527,88092.9815,108.53699999999662,12.320731816756211
BTC/USD,2026-01-29 06:20:12.896056+00:00,88038.7,1.2901,88147.25,1.28527,88092.975,108.55000000000291,12.322208439436052
BTC/USD,2026-01-29 06:20:12.896072+00:00,88066.3,1.28,88147.25,1.28527,88106.775,80.94999999999709,9.187715700636767
BTC/USD,2026-01-29 06:20:12.896319+00:00,88066.3,1.28,88156.925,2.5761,88111.6125,90.625,10.2852504259867
BTC/USD,2026-01-29 06:20:12.896329+00:00,88066.3,1.28,88155.2,1.28779,88110.75,88.89999999999418,10.08957476811787
BTC/USD,2026-01-29 06:20:12.896433+00:00,88066.3,1.28,88144.2,2.539,88105.25,77.89999999999418,8.841697855688983
BTC/USD,2026-01-29 06:20:13.743159+00:00,88018.9,2.5519,88144.2,2.539,88081.54999999999,125.30000000000291,14.225453571151158
BTC/USD,2026-01-29 06:20:13.743268+00:00,88066.762,1.29033,88144.2,2.539,88105.481,77.43799999999464,8.7892375276851
BTC/USD,2026-01-29 06:20:13.743308+00:00,88066.762,1.29033,88155.2,1.28779,88110.981,88.43799999999464,10.037114443203695
BTC/USD,2026-01-29 06:20:13.743317+00:00,88066.762,1.29033,88153.71,1.27288,88110.236,86.94800000000396,9.868092964817839
BTC/USD,2026-01-29 06:20:15.897407+00:00,88025.562,2.542,88153.71,1.27288,88089.636,128.14800000000105,14.547454822040704
BTC/USD,2026-01-29 06:20:15.897422+00:00,88055.99,1.28255,88153.71,1.27288,88104.85,97.72000000000116,11.091330386465803
BTC/USD,2026-01-29 06:20:15.897430+00:00,88055.99,1.28255,88181.92,2.54541,88118.955,125.92999999999302,14.290909373584038
BTC/USD,2026-01-29 06:20:15.897716+00:00,88055.99,1.28255,88111.94,1.268,88083.965,55.94999999999709,6.351893900325343
BTC/USD,2026-01-29 06:20:28.128573+00:00,88004.3,2.572,88111.94,1.268,88058.12,107.63999999999942,12.223744953900836
BTC/USD,2026-01-29 06:20:28.128693+00:00,88032.9,1.29004,88111.94,1.268,88072.42,79.04000000000815,8.974432631691982
BTC/USD,2026-01-29 06:20:28.128711+00:00,88032.9,1.29004,88138.555,2.532,88085.7275,105.65499999999884,11.994565180834641
BTC/USD,2026-01-29 06:20:28.128953+00:00,88032.9,1.29004,88148.4,1.276,88090.65,115.5,13.111493671575815
BTC/USD,2026-01-29 06:20:39.137934+00:00,88031.487,2.578,88148.4,1.276,88089.9435,116.91300000000047,13.272003063550663
BTC/USD,2026-01-29 06:20:39.137957+00:00,88031.487,2.578,88172.751,3.8564,88102.119,141.26400000001013,16.034120586817
BTC/USD,2026-01-29 06:20:39.138229+00:00,88031.487,2.578,88124.002,1.272,88077.7445,92.51499999999942,10.503788502440525
BTC/USD,2026-01-29 06:20:39.138241+00:00,88025.2,1.2882,88124.002,1.272,88074.601,98.80199999999604,11.217990076389452
BTC/USD,2026-01-29 06:22:06.893587+00:00,87998.3,2.535,88124.002,1.272,88061.151,125.70199999999022,14.274398934439345
BTC/USD,2026-01-29 06:22:06.893630+00:00,88033.24,1.2825,88124.002,1.272,88078.621,90.76199999998789,10.304657244802673
BTC/USD,2026-01-29 06:22:06.893639+00:00,88033.24,1.2825,88148.071,2.575,88090.6555,114.83099999999104,13.035548361879433
BTC/USD,2026-01-29 06:22:06.893646+00:00,88033.24,1.2825,88119.4,1.275,88076.32,86.15999999998894,9.782425060446318
BTC/USD,2026-01-29 06:22:51.621809+00:00,88033.24,1.282461,88119.4,1.275,88076.32,86.15999999998894,9.782425060446318
BTC/USD,2026-01-29 06:22:54.025543+00:00,88023.5,2.5388,88119.4,1.275,88071.45,95.89999999999418,10.888886239524181
BTC/USD,2026-01-29 06:22:54.025580+00:00,88023.5,2.5388,88157.42,2.532,88090.45999999999,133.91999999999825,15.202554283403476
BTC/USD,2026-01-29 06:22:54.025584+00:00,88023.5,2.5388,88093.01,1.2779,88058.255,69.50999999999476,7.893638137616373
BTC/USD,2026-01-29 06:22:54.025587+00:00,88003.176,1.287,88093.01,1.2779,88048.093,89.83399999998801,10.202833126662723
BTC/USD,2026-01-29 06:23:13.914420+00:00,87983.0,2.544,88093.01,1.2779,88038.005,110.00999999999476,12.495739766024316
BTC/USD,2026-01-29 06:23:13.914442+00:00,88025.67,1.273,88093.01,1.2779,88059.34,67.33999999999651,7.647116137822122
BTC/USD,2026-01-29 06:23:13.914455+00:00,88025.67,1.273,88154.783,2.539,88090.22649999999,129.11299999999756,14.656904077775026
BTC/USD,2026-01-29 06:23:13.914462+00:00,88025.67,1.273,88136.9,1.27091,88081.285,111.22999999999593,12.628108229801134
BTC/USD,2026-01-29 06:23:13.914544+00:00,88025.67,1.273,88123.43,2.55838,88074.54999999999,97.75999999999476,11.09968770774245
BTC/USD,2026-01-29 06:23:18.021467+00:00,87987.3,2.544,88123.43,2.55838,88055.36499999999,136.1299999999901,15.459591814762238
BTC/USD,2026-01-29 06:23:18.021491+00:00,88062.952,1.27683,88123.43,2.55838,88093.19099999999,60.47799999998824,6.865229799654805
BTC/USD,2026-01-29 06:23:18.021501+00:00,88062.952,1.27683,88136.9,1.27091,88099.926,73.9479999999894,8.39365063711738
BTC/USD,2026-01-29 06:23:18.021509+00:00,88062.952,1.27683,88110.085,1.2754,88086.5185,47.13300000000163,5.350762046521527
BTC/USD,2026-01-29 06:23:18.093539+00:00,88020.619,2.5686,88110.085,1.2754,88065.35200000001,89.46600000000035,10.159046431790829
BTC/USD,2026-01-29 06:23:18.093556+00:00,88066.27,1.2667,88110.085,1.2754,88088.1775,43.81500000000233,4.973993246710357
BTC/USD,2026-01-29 06:23:18.093563+00:00,88066.27,1.2667,88164.9,2.53163,88115.58499999999,98.6299999999901,11.193252589764922
BTC/USD,2026-01-29 06:23:18.093582+00:00,88066.27,1.2667,88126.9,1.2897,88096.58499999999,60.629999999990105,6.882219100773328
BTC/USD,2026-01-29 06:23:20.292505+00:00,88021.23,2.5602,88126.9,1.2897,88074.065,105.66999999999825,11.997856576734394
BTC/USD,2026-01-29 06:23:20.292536+00:00,88056.79,1.2905,88126.9,1.2897,88091.845,70.11000000000058,7.958738972943588
BTC/USD,2026-01-29 06:23:20.292549+00:00,88056.79,1.2905,88175.9,2.5585,88116.345,119.11000000000058,13.517355945710252
BTC/USD,2026-01-29 06:23:20.292720+00:00,88056.79,1.2905,88152.13,1.28913,88104.45999999999,95.34000000001106,10.82124559869172
BTC/USD,2026-01-29 06:23:22.733505+00:00,87998.1,2.532,88152.13,1.28913,88075.115,154.02999999999884,17.488481281006425
BTC/USD,2026-01-29 06:23:22.733526+00:00,88019.14,1.2695,88152.13,1.28913,88085.63500000001,132.99000000000524,15.097807945643488
BTC/USD,2026-01-29 06:23:22.733572+00:00,88019.14,1.2695,88166.919,2.538,88093.0295,147.778999999995,16.775334080206083
BTC/USD,2026-01-29 06:23:22.733583+00:00,88019.14,1.2695,88106.15,1.2834,88062.64499999999,87.00999999999476,9.88046634302147
BTC/USD,2026-01-29 06:23:23.294582+00:00,87995.092,2.57149,88106.15,1.2834,88050.621,111.05799999998999,12.612971804025095
BTC/USD,2026-01-29 06:23:23.295023+00:00,88034.504,1.27956,88106.15,1.2834,88070.32699999999,71.64599999999336,8.135089585848066
BTC/USD,2026-01-29 06:23:23.295037+00:00,88034.504,1.27956,88156.31,2.561,88095.407,121.80599999999686,13.826600517322866
BTC/USD,2026-01-29 06:23:23.295045+00:00,88034.504,1.27956,88097.6,1.27956,88066.052,63.096000000005006,7.1646222996353925
BTC/USD,2026-01-29 06:23:29.961214+00:00,88001.7,2.5638,88097.6,1.27956,88049.65,95.90000000000873,10.891582192548038
BTC/USD,2026-01-29 06:23:29.961243+00:00,88029.742,1.2865,88097.6,1.27956,88063.671,67.85800000000745,7.7055611274719
BTC/USD,2026-01-29 06:23:29.961255+00:00,88029.742,1.2865,88162.37,2.57923,88096.056,132.62799999999697,15.054930495412528
BTC/USD,2026-01-29 06:23:29.961262+00:00,88029.742,1.2865,88144.7,1.2769,88087.22099999999,114.95799999999872,13.050474143122159
BTC/USD,2026-01-29 06:23:29.961283+00:00,88029.742,1.2865,88127.96,2.56667,88078.851,98.21800000000803,11.151144557960688
BTC/USD,2026-01-29 06:23:31.287165+00:00,88023.796,2.538,88127.96,2.56667,88075.878,104.16400000000431,11.826620678138946
BTC/USD,2026-01-29 06:23:31.287215+00:00,88023.796,2.538,88144.7,1.2769,88084.24799999999,120.903999999995,13.72595018351011
BTC/USD,2026-01-29 06:23:31.287415+00:00,88023.796,2.538,88143.565,1.28534,88083.6805,119.76900000000023,13.597183873351003
BTC/USD,2026-01-29 06:23:31.287427+00:00,88022.1,1.27911,88143.565,1.28534,88082.8325,121.46499999999651,13.789860810844894
BTC/USD,2026-01-29 06:23:31.294371+00:00,88019.7,2.576,88143.565,1.28534,88081.6325,123.86500000000524,14.062523194038805
BTC/USD,2026-01-29 06:23:31.294392+00:00,88019.7,2.576,88169.83,2.575,88094.765,150.13000000000466,17.041875303260603
BTC/USD,2026-01-29 06:23:31.294878+00:00,88019.7,2.576,88148.8,1.26936,88084.25,129.10000000000582,14.656422686235715
BTC/USD,2026-01-29 06:23:31.294887+00:00,88019.22,1.27571,88148.8,1.26936,88084.01000000001,129.58000000000175,14.710956052069125
BTC/USD,2026-01-29 06:23:31.295070+00:00,88023.95,2.5344,88148.8,1.26936,88086.375,124.85000000000582,14.173588140050695
BTC/USD,2026-01-29 06:23:31.295092+00:00,88023.95,2.5344,88145.34,2.567,88084.64499999999,121.38999999999942,13.781062522304476
BTC/USD,2026-01-29 06:24:36.438393+00:00,88023.95,2.534282,88145.34,2.567,88084.64499999999,121.38999999999942,13.781062522304476
BTC/USD,2026-01-29 06:24:36.713438+00:00,88019.22,1.27571,88145.34,2.567,88082.28,126.11999999999534,14.318430449347513
BTC/USD,2026-01-29 06:24:36.713459+00:00,88058.44,1.27844,88145.34,2.567,88101.89,86.89999999999418,9.863579544093115
BTC/USD,2026-01-29 06:24:36.713467+00:00,88058.44,1.27844,88148.8,1.26936,88103.62,90.36000000000058,10.25610525424501
BTC/USD,2026-01-29 06:24:36.713651+00:00,88058.44,1.27844,88124.6,1.27348,88091.52,66.16000000000349,7.510371032308614
BTC/USD,2026-01-29 06:24:45.214536+00:00,88024.63,2.54465,88124.6,1.27348,88074.615,99.97000000000116,11.35060312213697
BTC/USD,2026-01-29 06:24:45.214586+00:00,88048.7,1.277,88124.6,1.27348,88086.65,75.90000000000873,8.616515669515044
BTC/USD,2026-01-29 06:24:45.214594+00:00,88048.7,1.277,88165.4,2.567,88107.04999999999,116.69999999999709,13.245251089441437
BTC/USD,2026-01-29 06:24:45.214605+00:00,88048.7,1.277,88147.807,1.278,88098.25349999999,99.10700000000361,11.249598722181663
BTC/USD,2026-01-29 06:24:45.214681+00:00,88048.7,1.277,88128.7,2.574,88088.7,80.0,9.081755094580803
BTC/USD,2026-01-29 06:26:00.092405+00:00,88033.82,2.55,88128.7,2.574,88081.26000000001,94.8799999999901,10.771871337897538
BTC/USD,2026-01-29 06:26:00.092432+00:00,88044.33,1.268,88128.7,2.574,88086.515,84.36999999999534,9.578083546612707
BTC/USD,2026-01-29 06:26:00.092440+00:00,88044.33,1.268,88147.807,1.278,88096.0685,103.47699999999895,11.745927118189043
BTC/USD,2026-01-29 06:26:00.092446+00:00,88044.33,1.268,88123.53,1.2658,88083.93,79.19999999999709,8.991424428950559
BTC/USD,2026-01-29 06:26:07.892050+00:00,87989.675,3.837,88123.53,1.2658,88056.60250000001,133.85499999999593,15.201018004299668
BTC/USD,2026-01-29 06:26:07.892080+00:00,88051.096,1.2738,88123.53,1.2658,88087.313,72.43399999999383,8.222977581345209
BTC/USD,2026-01-29 06:26:07.892091+00:00,88051.096,1.2738,88137.91,2.54437,88094.503,86.81399999999849,9.854644392510902
BTC/USD,2026-01-29 06:26:07.892097+00:00,88051.096,1.2738,88125.003,1.274,88088.0495,73.90699999999197,8.390127879944938
BTC/USD,2026-01-29 06:26:09.377743+00:00,88003.91,2.54657,88125.003,1.274,88064.4565,121.09299999999348,13.750496490033239
BTC/USD,2026-01-29 06:26:09.377787+00:00,88003.91,2.54657,88159.918,2.5483,88081.914,156.00800000000163,17.71169504786211
BTC/USD,2026-01-29 06:26:09.377794+00:00,88003.91,2.54657,88107.633,1.287,88055.7715,103.72299999999814,11.77923925179602
BTC/USD,2026-01-29 06:26:09.377820+00:00,88002.54,1.26813,88107.633,1.287,88055.0865,105.09300000000803,11.934915310089217
BTC/USD,2026-01-29 06:26:09.377832+00:00,88008.23,2.54268,88107.633,1.287,88057.9315,99.4030000000057,11.288364183299684
BTC/USD,2026-01-29 06:26:56.212569+00:00,88008.23,2.54268,88107.633,1.286979,88057.9315,99.4030000000057,11.288364183299684
BTC/USD,2026-01-29 06:26:56.408943+00:00,88002.54,1.26813,88107.633,1.286979,88055.0865,105.09300000000803,11.934915310089217
BTC/USD,2026-01-29 06:26:56.408978+00:00,88002.54,1.26813,88159.752,2.552,88081.146,157.21199999999953,17.848541616386274
BTC/USD,2026-01-29 06:26:56.408983+00:00,88002.54,1.26813,88095.11,1.28716,88048.825,92.57000000000698,10.513484989720986
BTC/USD,2026-01-29 06:26:56.408986+00:00,87997.3,1.27335,88095.11,1.28716,88046.205,97.80999999999767,11.108939902633812
BTC/USD,2026-01-29 06:27:15.546274+00:00,87987.471,2.54698,88095.11,1.28716,88041.2905,107.63899999999558,12.225967996231901
BTC/USD,2026-01-29 06:27:15.546292+00:00,88035.0,1.2777,88095.11,1.28716,88065.055,60.11000000000058,6.825635889286686
BTC/USD,2026-01-29 06:27:15.546299+00:00,88035.0,1.2777,88155.8,2.56709,88095.4,120.80000000000291,13.712407231251907
BTC/USD,2026-01-29 06:27:15.546304+00:00,88035.0,1.2777,88109.834,1.27915,88072.417,74.83400000000256,8.49687138709984
BTC/USD,2026-01-29 06:27:15.711861+00:00,87984.16,2.5715,88109.834,1.27915,88046.997,125.67399999999907,14.273513496434076
BTC/USD,2026-01-29 06:27:15.711871+00:00,88052.5,1.2738,88109.834,1.27915,88081.167,57.33400000000256,6.509223475661098
BTC/USD,2026-01-29 06:27:15.711879+00:00,88052.5,1.2738,88119.264,2.53228,88085.882,66.76399999999558,7.57942118352128
BTC/USD,2026-01-29 06:27:15.712019+00:00,88052.5,1.2738,88120.89,1.26773,88086.695,68.38999999999942,7.76394210272044
BTC/USD,2026-01-29 06:27:15.945897+00:00,87988.9,2.56569,88120.89,1.26773,88054.89499999999,131.99000000000524,14.989513075906258
BTC/USD,2026-01-29 06:27:15.945922+00:00,88047.3,1.27759,88120.89,1.26773,88084.095,73.58999999999651,8.354516215441222
BTC/USD,2026-01-29 06:27:15.945932+00:00,88047.3,1.27759,88142.22,2.5462,88094.76000000001,94.91999999999825,10.774761177622624
BTC/USD,2026-01-29 06:27:15.946029+00:00,88047.3,1.27759,88138.26,1.2712,88092.78,90.95999999999185,10.325477297911572
BTC/USD,2026-01-29 06:28:19.104861+00:00,88018.22,2.574,88138.26,1.2712,88078.23999999999,120.0399999999936,13.628791855967332
BTC/USD,2026-01-29 06:28:19.104873+00:00,88033.567,1.279,88138.26,1.2712,88085.9135,104.6929999999993,11.885328293723072
BTC/USD,2026-01-29 06:28:19.104878+00:00,88033.567,1.279,88141.507,2.531,88087.537,107.94000000000233,12.253719842343003
BTC/USD,2026-01-29 06:28:19.105366+00:00,88033.567,1.279,88124.299,1.283,88078.93299999999,90.73200000000361,10.301214707040517
BTC/USD,2026-01-29 06:28:19.295320+00:00,88002.09,2.57915,88124.299,1.283,88063.1945,122.20900000000256,13.87742071973128
BTC/USD,2026-01-29 06:28:19.295335+00:00,88062.741,1.2768,88124.299,1.283,88093.51999999999,61.55800000000454,6.987801145873674
BTC/USD,2026-01-29 06:28:19.295405+00:00,88062.741,1.2768,88167.268,2.57914,88115.0045,104.52700000000186,11.862565359115639
BTC/USD,2026-01-29 06:28:19.295413+00:00,88062.741,1.2768,88144.06,1.276,88103.40049999999,81.31900000000314,9.229950210605452
BTC/USD,2026-01-29 06:28:19.920376+00:00,88001.16,2.56866,88144.06,1.276,88072.61,142.89999999999418,16.22524868968845
BTC/USD,2026-01-29 06:28:19.920399+00:00,88060.01,1.2779,88144.06,1.276,88102.035,84.05000000000291,9.540074755367785
BTC/USD,2026-01-29 06:28:19.920438+00:00,88060.01,1.2779,88150.637,2.57108,88105.3235,90.62700000000768,10.286211593106254
BTC/USD,2026-01-29 06:28:19.920452+00:00,88060.01,1.2779,88127.64,1.26526,88093.825,67.63000000000466,7.677042062823888
BTC/USD,2026-01-29 06:28:21.092624+00:00,88023.6,2.538,88127.64,1.26526,88075.62,104.0399999999936,11.81257651095656
BTC/USD,2026-01-29 06:28:21.092655+00:00,88058.34,1.277,88127.64,1.26526,88092.98999999999,69.30000000000291,7.86668723584055
BTC/USD,2026-01-29 06:28:21.092664+00:00,88058.34,1.277,88151.563,2.56595,88104.9515,93.22299999999814,10.580903616977547
BTC/USD,2026-01-29 06:28:21.092670+00:00,88058.34,1.277,88141.303,1.281,88099.82149999999,82.96300000000338,9.416931679027678
BTC/USD,2026-01-29 06:28:21.092679+00:00,88059.7,2.579,88141.303,1.281,88100.5015,81.6030000000028,9.262489839516157
BTC/USD,2026-01-29 06:28:22.491287+00:00,88058.34,1.277,88141.303,1.281,88099.82149999999,82.96300000000338,9.416931679027678
BTC/USD,2026-01-29 06:28:22.491319+00:00,88066.8,1.284,88141.303,1.281,88104.0515,74.50299999999697,8.456251299634838
BTC/USD,2026-01-29 06:28:22.491326+00:00,88066.8,1.284,88176.15,2.5703,88121.475,109.34999999999127,12.409006998576823
BTC/USD,2026-01-29 06:28:22.491331+00:00,88066.8,1.284,88150.6,1.2734,88108.70000000001,83.80000000000291,9.51097905201222
BTC/USD,2026-01-29 06:28:23.892224+00:00,88038.24,2.54438,88150.6,1.2734,88094.42000000001,112.36000000000058,12.754496822840832
BTC/USD,2026-01-29 06:28:23.892259+00:00,88083.1,1.266,88150.6,1.2734,88116.85,67.5,7.6602829084335164
BTC/USD,2026-01-29 06:28:23.892267+00:00,88083.1,1.266,88172.1,2.56718,88127.6,89.0,10.098992824041503
BTC/USD,2026-01-29 06:28:23.892276+00:00,88083.1,1.266,88169.6,1.26636,88126.35,86.5,9.81545247250113
BTC/USD,2026-01-29 06:28:35.383413+00:00,88067.7,2.579,88169.6,1.26636,88118.65,101.90000000000873,11.563953828163362
BTC/USD,2026-01-29 06:28:35.383442+00:00,88085.712,1.28,88169.6,1.26636,88127.656,83.88800000000629,9.518918782998867
BTC/USD,2026-01-29 06:28:35.383451+00:00,88085.712,1.28,88172.6,2.56448,88129.156,86.88800000000629,9.85916624459745
BTC/USD,2026-01-29 06:28:35.383456+00:00,88085.712,1.28,88170.1,1.28344,88127.906,84.38800000000629,9.575627497606297
BTC/USD,2026-01-29 06:28:35.383480+00:00,88085.712,1.28,88161.3,2.55087,88123.506,75.58800000000338,8.57750711824872
BTC/USD,2026-01-29 06:28:35.559364+00:00,88030.37,2.55769,88161.3,2.55087,88095.83499999999,130.93000000000757,14.862223622718098
BTC/USD,2026-01-29 06:28:35.559395+00:00,88076.49,1.2844,88161.3,2.55087,88118.895,84.80999999999767,9.624496539589797
BTC/USD,2026-01-29 06:28:35.559405+00:00,88076.49,1.2844,88170.1,1.28344,88123.29500000001,93.61000000000058,10.622616868786007
BTC/USD,2026-01-29 06:28:35.559410+00:00,88076.49,1.2844,88132.98,1.274,88104.735,56.48999999999069,6.411687181170307
BTC/USD,2026-01-29 06:28:41.013748+00:00,88038.44,2.53898,88132.98,1.274,88085.70999999999,94.5399999999936,10.732728384660076
BTC/USD,2026-01-29 06:28:41.013787+00:00,88058.748,1.2749,88132.98,1.274,88095.864,74.23199999998906,8.426275267586803
BTC/USD,2026-01-29 06:28:41.013797+00:00,88058.748,1.2749,88153.113,2.5643,88105.9305,94.36499999999069,10.710402746383874
BTC/USD,2026-01-29 06:28:41.013909+00:00,88058.748,1.2749,88157.02,1.2687,88107.884,98.2719999999972,11.153598921975837
BTC/USD,2026-01-29 06:29:31.232944+00:00,88037.0,2.563,88157.02,1.2687,88097.01000000001,120.02000000000407,13.623617873070161
BTC/USD,2026-01-29 06:29:31.232990+00:00,88056.9,1.289,88157.02,1.2687,88106.95999999999,100.1200000000099,11.363460957001571
BTC/USD,2026-01-29 06:29:31.232999+00:00,88056.9,1.289,88195.3,2.555,88126.1,138.40000000000873,15.704768507855077
BTC/USD,2026-01-29 06:29:31.233030+00:00,88056.9,1.289,88172.041,1.2889,88114.4705,115.14100000000326,13.067206708119896
BTC/USD,2026-01-29 06:29:31.331921+00:00,88020.372,2.534,88172.041,1.2889,88096.2065,151.6689999999944,17.216291827502744
BTC/USD,2026-01-29 06:29:31.331947+00:00,88055.896,1.275,88172.041,1.2889,88113.96849999999,116.14500000000407,13.181224495637611
BTC/USD,2026-01-29 06:29:31.331955+00:00,88055.896,1.275,88197.9,2.57968,88126.89799999999,142.00400000000081,16.11358203031279
BTC/USD,2026-01-29 06:29:31.331981+00:00,88055.896,1.275,88142.29,1.2858,88099.093,86.39400000000023,9.806457371814286
BTC/USD,2026-01-29 06:29:34.771747+00:00,88039.144,2.56665,88142.29,1.2858,88090.717,103.14599999999336,11.709065780449187
BTC/USD,2026-01-29 06:29:34.771780+00:00,88055.4,1.27168,88142.29,1.2858,88098.845,86.88999999999942,9.862785374768468
BTC/USD,2026-01-29 06:29:34.771791+00:00,88055.4,1.27168,88201.41,2.56,88128.405,146.0100000000093,16.56787048398406
BTC/USD,2026-01-29 06:29:34.771815+00:00,88055.4,1.27168,88146.2,1.278,88100.79999999999,90.80000000000291,10.306376332564849
BTC/USD,2026-01-29 06:29:34.893569+00:00,88024.8,2.543,88146.2,1.278,88085.5,121.39999999999418,13.782064017346123
BTC/USD,2026-01-29 06:29:34.893593+00:00,88077.546,1.2658,88146.2,1.278,88111.87299999999,68.653999999995,7.791685463319455
BTC/USD,2026-01-29 06:29:34.893600+00:00,88077.546,1.2658,88158.45,2.57925,88117.99799999999,80.903999999995,9.181325249808218
BTC/USD,2026-01-29 06:29:34.893673+00:00,88077.546,1.2658,88178.3,1.2723,88127.92300000001,100.75400000000081,11.43269880534922
BTC/USD,2026-01-29 06:29:54.753584+00:00,88022.97,2.53311,88178.3,1.2723,88100.63500000001,155.33000000000175,17.63097394246951
BTC/USD,2026-01-29 06:29:54.753599+00:00,88071.122,1.2741,88178.3,1.2723,88124.71100000001,107.17799999999988,12.162082437921399
BTC/USD,2026-01-29 06:29:54.753798+00:00,88071.122,1.2741,88214.469,2.57,88142.79550000001,143.3469999999943,16.263042167750886
BTC/USD,2026-01-29 06:29:54.753808+00:00,88071.122,1.2741,88157.4,1.28042,88114.261,86.27799999999115,9.791604562170834
BTC/USD,2026-01-29 06:29:54.829083+00:00,88054.4,2.5667,88157.4,1.28042,88105.9,103.0,11.690477028212639
BTC/USD,2026-01-29 06:29:54.829100+00:00,88063.41,1.2822,88157.4,1.28042,88110.405,93.98999999999069,10.667298601111945
BTC/USD,2026-01-29 06:29:54.829106+00:00,88063.41,1.2822,88202.6,2.5767,88133.005,139.19000000000233,15.793175326315302
BTC/USD,2026-01-29 06:29:54.829112+00:00,88063.41,1.2822,88202.5,1.274,88132.955,139.0899999999965,15.78183779268453
BTC/USD,2026-01-29 06:29:54.936432+00:00,88054.143,2.541,88202.5,1.274,88128.32149999999,148.3570000000036,16.83420238521207
BTC/USD,2026-01-29 06:29:54.936549+00:00,88084.1,1.27998,88202.5,1.274,88143.3,118.39999999999418,13.432671570044937
BTC/USD,2026-01-29 06:29:54.936562+00:00,88084.1,1.27998,88224.573,2.576,88154.3365,140.47299999999814,15.93489391188352
BTC/USD,2026-01-29 06:29:54.936574+00:00,88084.1,1.27998,88213.754,1.27949,88148.927,129.653999999995,14.708517098568313
BTC/USD,2026-01-29 06:29:55.411815+00:00,88083.3,2.53258,88213.754,1.27949,88148.527,130.4539999999979,14.799339755274403
BTC/USD,2026-01-29 06:29:55.411832+00:00,88114.931,1.27341,88213.754,1.27949,88164.3425,98.82300000000396,11.208953324866451
BTC/USD,2026-01-29 06:29:55.412358+00:00,88114.931,1.27341,88236.211,2.579,88175.571,121.27999999999884,13.754376481440516
BTC/USD,2026-01-29 06:29:55.412368+00:00,88114.931,1.27341,88174.792,1.268,88144.8615,59.861000000004424,6.791206995090057
BTC/USD,2026-01-29 06:30:09.860944+00:00,88064.818,2.572,88174.792,1.268,88119.805,109.97400000000198,12.480054852595508
BTC/USD,2026-01-29 06:30:09.860963+00:00,88088.3,1.28,88174.792,1.268,88131.546,86.49199999999837,9.813966045710622
BTC/USD,2026-01-29 06:30:09.860978+00:00,88088.3,1.28,88227.13,2.55893,88157.715,138.83000000000175,15.747912703953562
BTC/USD,2026-01-29 06:30:09.860983+00:00,88088.3,1.28,88218.33,1.27042,88153.315,130.02999999999884,14.75043791603286
BTC/USD,2026-01-29 06:30:09.860995+00:00,88099.176,2.566,88218.33,1.27042,88158.753,119.153999999995,13.515844535595349
BTC/USD,2026-01-29 06:30:09.861159+00:00,88099.176,2.566,88214.6,2.552,88156.888,115.42399999999907,13.093021160184223
BTC/USD,2026-01-29 06:30:10.298326+00:00,88088.3,1.28,88214.6,2.552,88151.45000000001,126.30000000000291,14.327614576958506
BTC/USD,2026-01-29 06:30:10.298559+00:00,88111.76,1.27833,88214.6,2.552,88163.18,102.84000000001106,11.664733508933214
BTC/USD,2026-01-29 06:30:10.298571+00:00,88111.76,1.27833,88218.33,1.27042,88165.045,106.57000000000698,12.087556922361577
BTC/USD,2026-01-29 06:30:10.298578+00:00,88111.76,1.27833,88182.818,1.27832,88147.28899999999,71.05800000000454,8.061280251058493
BTC/USD,2026-01-29 06:30:34.541922+00:00,88076.55,2.539,88182.818,1.27832,88129.68400000001,106.26799999999639,12.058139230363787
BTC/USD,2026-01-29 06:30:34.541939+00:00,88103.65,1.27237,88182.818,1.27832,88143.234,79.16800000000512,8.981744418409372
BTC/USD,2026-01-29 06:30:34.541983+00:00,88103.65,1.27237,88245.144,2.5603,88174.397,141.49400000000605,16.047061824534627
BTC/USD,2026-01-29 06:30:34.541993+00:00,88103.65,1.27237,88224.49,1.2736,88164.07,120.84000000001106,13.70626378750562
BTC/USD,2026-01-29 06:30:46.972488+00:00,88097.54,2.5353,88224.49,1.2736,88161.015,126.95000000001164,14.399788840907927
BTC/USD,2026-01-29 06:30:46.972534+00:00,88140.402,1.27967,88224.49,1.2736,88182.446,84.08800000000338,9.53568468717724
BTC/USD,2026-01-29 06:30:46.972543+00:00,88140.402,1.27967,88226.8,2.55669,88183.601,86.39800000000105,9.797513258729483
BTC/USD,2026-01-29 06:30:46.972670+00:00,88140.402,1.27967,88195.5,1.2743,88167.951,55.09799999999814,6.2492095341989
BTC/USD,2026-01-29 06:30:47.141149+00:00,88076.88,2.54472,88195.5,1.2743,88136.19,118.61999999999534,13.458716561266755
BTC/USD,2026-01-29 06:30:47.141173+00:00,88127.48,1.27279,88195.5,1.2743,88161.48999999999,68.02000000000407,7.715386842940617
BTC/USD,2026-01-29 06:30:47.141183+00:00,88127.48,1.27279,88250.181,2.566,88188.8305,122.70100000000093,13.913439979227407
BTC/USD,2026-01-29 06:30:47.141192+00:00,88127.48,1.27279,88239.6,1.283,88183.54000000001,112.1200000000099,12.714390916945485
BTC/USD,2026-01-29 06:31:17.243247+00:00,88103.805,2.5648,88239.6,1.283,88171.7025,135.7950000000128,15.40119972164684
BTC/USD,2026-01-29 06:31:17.243308+00:00,88117.19,1.277,88239.6,1.283,88178.395,122.41000000000349,13.882085288579304
BTC/USD,2026-01-29 06:31:17.243319+00:00,88117.19,1.277,88251.302,2.55866,88184.246,134.1119999999937,15.208158609191228
BTC/USD,2026-01-29 06:31:17.243369+00:00,88117.19,1.277,88216.9,1.2677,88167.045,99.70999999999185,11.30921423078111
BTC/USD,2026-01-29 06:31:39.390572+00:00,88078.95,3.823,88216.9,1.2677,88147.92499999999,137.9499999999971,15.64982953370679
BTC/USD,2026-01-29 06:31:39.390598+00:00,88130.58,1.2702,88216.9,1.2677,88173.73999999999,86.31999999999243,9.789762802393598
BTC/USD,2026-01-29 06:31:39.390610+00:00,88130.58,1.2702,88267.79,2.545,88199.185,137.20999999999185,15.556833093184688
BTC/USD,2026-01-29 06:31:39.390615+00:00,88130.58,1.2702,88210.3,1.273,88170.44,79.72000000000116,9.041579014463483
BTC/USD,2026-01-29 06:31:39.563809+00:00,88108.5,2.55,88210.3,1.273,88159.4,101.80000000000291,11.5472655213174
BTC/USD,2026-01-29 06:31:39.563834+00:00,88147.8,1.29048,88210.3,1.273,88179.05,62.5,7.087851366055769
BTC/USD,2026-01-29 06:31:39.563843+00:00,88147.8,1.29048,88254.5,2.56912,88201.15,106.69999999999709,12.097347937073055
BTC/USD,2026-01-29 06:31:39.563850+00:00,88147.8,1.29048,88205.6,1.274,88176.70000000001,57.80000000000291,6.555019636707079
BTC/USD,2026-01-29 06:31:39.697731+00:00,88084.7,2.56301,88205.6,1.274,88145.15,120.90000000000873,13.716012735812322
BTC/USD,2026-01-29 06:31:39.697740+00:00,88168.326,1.28545,88205.6,1.274,88186.963,37.27400000000489,4.226701853878888
BTC/USD,2026-01-29 06:31:39.697952+00:00,88168.326,1.28545,88269.4,2.5323,88218.863,101.07399999999325,11.457186883035803
BTC/USD,2026-01-29 06:31:39.697972+00:00,88168.326,1.28545,88259.26,1.289,88213.793,90.93399999999383,10.308365268909117
BTC/USD,2026-01-29 06:31:43.377057+00:00,88104.9,2.53582,88259.26,1.289,88182.07999999999,154.36000000000058,17.504690295352592
BTC/USD,2026-01-29 06:31:43.377074+00:00,88128.198,1.27839,88259.26,1.289,88193.72899999999,131.0619999999908,14.860693780165573
BTC/USD,2026-01-29 06:31:43.377085+00:00,88128.198,1.27839,88283.321,2.542,88205.7595,155.12299999999232,17.58649331736578
BTC/USD,2026-01-29 06:31:43.377109+00:00,88128.198,1.27839,88256.47,1.2783,88192.334,128.2719999999972,14.544574815311861
BTC/USD,2026-01-29 06:31:53.622358+00:00,88117.3,2.57263,88256.47,1.2783,88186.88500000001,139.16999999999825,15.78125817688177
BTC/USD,2026-01-29 06:31:53.622382+00:00,88174.28,1.27228,88256.47,1.2783,88215.375,82.19000000000233,9.316969972638253
BTC/USD,2026-01-29 06:31:53.622393+00:00,88174.28,1.27228,88285.5,2.573,88229.89,111.22000000000116,12.60570539076963
BTC/USD,2026-01-29 06:31:53.622399+00:00,88174.28,1.27228,88266.6,1.26801,88220.44,92.32000000000698,10.464695029860085
BTC/USD,2026-01-29 06:31:53.622600+00:00,88174.28,1.27228,88251.53,2.556,88212.905,77.25,8.757222086723026
BTC/USD,2026-01-29 06:32:33.869985+00:00,88151.99,2.57644,88251.53,2.556,88201.76000000001,99.5399999999936,11.285489087745368
BTC/USD,2026-01-29 06:32:33.870004+00:00,88171.17,1.28492,88251.53,2.556,88211.35,80.36000000000058,9.109938800392532
BTC/USD,2026-01-29 06:32:33.870011+00:00,88171.17,1.28492,88266.6,1.26801,88218.88500000001,95.43000000000757,10.81741171405732
BTC/USD,2026-01-29 06:32:33.870018+00:00,88171.17,1.28492,88259.323,1.2777,88215.24650000001,88.1530000000057,9.992943793452497
BTC/USD,2026-01-29 06:32:34.867273+00:00,88148.26,2.55591,88259.323,1.2777,88203.79149999999,111.0630000000092,12.59163558745762
BTC/USD,2026-01-29 06:32:34.867305+00:00,88148.26,2.55591,88279.739,2.549,88213.9995,131.47900000000664,14.904550382618876
BTC/USD,2026-01-29 06:32:34.867322+00:00,88148.26,2.55591,88252.0,1.28,88200.13,103.74000000000524,11.761887425790102
BTC/USD,2026-01-29 06:32:34.867326+00:00,88145.86,1.281,88252.0,1.28,88198.93,106.13999999999942,12.034159598081228
BTC/USD,2026-01-29 06:32:34.867352+00:00,88145.86,1.281,88243.2,2.56647,88194.53,97.33999999999651,11.036965671226605
BTC/USD,2026-01-29 06:32:36.292294+00:00,88138.16,2.5421,88243.2,2.56647,88190.68,105.0399999999936,11.910555627872878
BTC/USD,2026-01-29 06:32:36.292328+00:00,88138.16,2.5421,88252.0,1.28,88195.08,113.83999999999651,12.907749502579566
BTC/USD,2026-01-29 06:32:36.292347+00:00,88138.16,2.5421,88241.1,1.28093,88189.63,102.94000000000233,11.67257420175165
BTC/USD,2026-01-29 06:32:36.292356+00:00,88118.7,1.289,88241.1,1.28093,88179.9,122.40000000000873,13.880714312446344
BTC/USD,2026-01-29 06:32:36.692391+00:00,88106.84,2.53491,88241.1,1.28093,88173.97,134.2600000000093,15.226716002467544
BTC/USD,2026-01-29 06:32:36.692433+00:00,88161.4,1.277,88241.1,1.28093,88201.25,79.70000000001164,9.036153115745144
BTC/USD,2026-01-29 06:32:36.692444+00:00,88161.4,1.277,88271.251,2.576,88216.3255,109.85100000000966,12.452457000151254
BTC/USD,2026-01-29 06:32:36.692452+00:00,88161.4,1.277,88206.76,1.27052,88184.07999999999,45.36000000000058,5.143785590324307
BTC/USD,2026-01-29 06:32:46.613037+00:00,88107.3,2.5618,88206.76,1.27052,88157.03,99.45999999999185,11.282140516756503
BTC/USD,2026-01-29 06:32:46.613087+00:00,88158.89,1.272,88206.76,1.27052,88182.825,47.86999999999534,5.4284947210520125
BTC/USD,2026-01-29 06:32:46.613095+00:00,88158.89,1.272,88264.85,2.56223,88211.87,105.9600000000064,12.011988862724076
BTC/USD,2026-01-29 06:32:46.613235+00:00,88158.89,1.272,88229.857,1.271,88194.3735,70.96700000000419,8.046658441312493
BTC/USD,2026-01-29 06:33:03.321530+00:00,88137.164,2.57929,88229.857,1.271,88183.5105,92.6929999999993,10.51137559328615
BTC/USD,2026-01-29 06:33:03.321566+00:00,88139.5,1.2744,88229.857,1.271,88184.67850000001,90.35700000000361,10.246337746755362
BTC/USD,2026-01-29 06:33:03.321576+00:00,88139.5,1.2744,88254.7,2.544,88197.1,115.19999999999709,13.061653954608154
BTC/USD,2026-01-29 06:33:03.321584+00:00,88139.5,1.2744,88233.12,1.265,88186.31,93.61999999999534,10.61616026342358
BTC/USD,2026-01-29 06:33:03.321703+00:00,88139.5,1.2744,88227.212,2.5363,88183.356,87.71199999999953,9.94654818988739
BTC/USD,2026-01-29 06:33:07.146323+00:00,88111.1,2.578,88227.212,2.5363,88169.156,116.11199999999371,13.169231199172838
BTC/USD,2026-01-29 06:33:07.146350+00:00,88112.65,1.26944,88227.212,2.5363,88169.931,114.56200000000536,12.993318549835925
BTC/USD,2026-01-29 06:33:07.146417+00:00,88112.65,1.26944,88233.12,1.265,88172.885,120.47000000000116,13.66293050295464
BTC/USD,2026-01-29 06:33:07.146433+00:00,88112.65,1.26944,88221.5,1.26751,88167.075,108.85000000000582,12.345878549334412
BTC/USD,2026-01-29 06:33:17.492517+00:00,88098.48,2.5444,88221.5,1.26751,88159.98999999999,123.02000000000407,13.954175811499534
BTC/USD,2026-01-29 06:33:17.492554+00:00,88155.43,1.2901,88221.5,1.26751,88188.465,66.07000000000698,7.49190951447074
BTC/USD,2026-01-29 06:33:17.492567+00:00,88155.43,1.2901,88227.53,2.53432,88191.48,72.10000000000582,8.175392906435613
BTC/USD,2026-01-29 06:33:17.492577+00:00,88155.43,1.2901,88201.01,1.287,88178.22,45.580000000001746,5.169076899034903
BTC/USD,2026-01-29 06:33:17.748887+00:00,88129.43,2.5796,88201.01,1.287,88165.22,71.58000000000175,8.118847772398428
BTC/USD,2026-01-29 06:33:17.748961+00:00,88141.91,1.268,88201.01,1.287,88171.45999999999,59.09999999999127,6.702849198594564
BTC/USD,2026-01-29 06:33:17.748975+00:00,88141.91,1.268,88227.23,2.53781,88184.57,85.31999999999243,9.675161992624382
BTC/USD,2026-01-29 06:33:17.749010+00:00,88141.91,1.268,88243.9,1.26546,88192.905,101.98999999999069,11.564422330797552
BTC/USD,2026-01-29 06:33:54.506016+00:00,88116.041,2.57,88243.9,1.26546,88179.9705,127.85899999999674,14.49977804199841
BTC/USD,2026-01-29 06:33:54.506229+00:00,88142.8,1.269,88243.9,1.26546,88193.35,101.09999999999127,11.463449341701077
BTC/USD,2026-01-29 06:33:54.506258+00:00,88142.8,1.269,88248.5,2.545,88195.65,105.69999999999709,11.984718067160578
BTC/USD,2026-01-29 06:33:54.506368+00:00,88142.8,1.269,88240.999,1.284,88191.8995,98.19899999999325,11.134696106641092
BTC/USD,2026-01-29 06:35:04.345559+00:00,88126.38,2.53428,88240.999,1.284,88183.68950000001,114.6189999999915,12.997755100731126
BTC/USD,2026-01-29 06:35:04.345599+00:00,88168.575,1.2897,88240.999,1.284,88204.787,72.42399999999907,8.210892227425148
BTC/USD,2026-01-29 06:35:04.345612+00:00,88168.575,1.2897,88285.62,2.5769,88227.0975,117.04499999999825,13.266332375945867
BTC/USD,2026-01-29 06:35:04.345621+00:00,88168.575,1.2897,88241.02,1.28642,88204.7975,72.44500000000698,8.213272072871884
BTC/USD,2026-01-29 06:35:04.497630+00:00,88134.9,2.5503,88241.02,1.28642,88187.95999999999,106.1200000000099,12.033388684805715
BTC/USD,2026-01-29 06:35:04.497753+00:00,88179.017,1.267,88241.02,1.28642,88210.0185,62.00299999999697,7.029020178699653
BTC/USD,2026-01-29 06:35:04.497763+00:00,88179.017,1.267,88290.68,2.5317,88234.8485,111.66299999998591,12.655203912996567
BTC/USD,2026-01-29 06:35:04.497846+00:00,88179.017,1.267,88249.11,1.278,88214.0635,70.09299999999348,7.945785197843593
BTC/USD,2026-01-29 06:35:20.289037+00:00,88179.017,1.267,88249.11,1.277889,88214.0635,70.09299999999348,7.945785197843593
BTC/USD,2026-01-29 06:35:20.581090+00:00,88148.01,2.57094,88249.11,1.277889,88198.56,101.10000000000582,11.462772181315184
BTC/USD,2026-01-29 06:35:20.581112+00:00,88155.14,1.269,88249.11,1.277889,88202.125,93.97000000000116,10.653938326315966
BTC/USD,2026-01-29 06:35:20.581121+00:00,88155.14,1.269,88279.7,2.5571,88217.42,124.55999999999767,14.119660266645486
BTC/USD,2026-01-29 06:35:20.581128+00:00,88155.14,1.269,88247.4,1.2783,88201.26999999999,92.25999999999476,10.460166843402003
BTC/USD,2026-01-29 06:36:02.200320+00:00,88123.0,2.5516,88247.4,1.2783,88185.2,124.39999999999418,14.106675496567926
BTC/USD,2026-01-29 06:36:02.200349+00:00,88145.122,1.28196,88247.4,1.2783,88196.261,102.27799999999115,11.596636732705841
BTC/USD,2026-01-29 06:36:02.200356+00:00,88145.122,1.28196,88300.19,2.5568,88222.656,155.0679999999993,17.576890906571585
BTC/USD,2026-01-29 06:36:02.200569+00:00,88145.122,1.28196,88263.5,1.26984,88204.311,118.37799999999697,13.420885970074293
BTC/USD,2026-01-29 06:36:02.893118+00:00,88129.593,2.575,88263.5,1.26984,88196.5465,133.90700000000652,15.182794033778467
BTC/USD,2026-01-29 06:36:02.893151+00:00,88135.686,1.272,88263.5,1.26984,88199.593,127.81399999999849,14.491450090931654
BTC/USD,2026-01-29 06:36:02.893213+00:00,88135.686,1.272,88291.057,2.5379,88213.37150000001,155.37099999999919,17.613089416948444
BTC/USD,2026-01-29 06:36:02.893237+00:00,88135.686,1.272,88220.31,1.29,88177.99799999999,84.62399999999616,9.596951838257448
BTC/USD,2026-01-29 06:36:05.190331+00:00,88098.5,2.5659,88220.31,1.29,88159.405,121.80999999999767,13.81701702728117
BTC/USD,2026-01-29 06:36:05.190347+00:00,88127.8,1.28712,88220.31,1.29,88174.055,92.50999999999476,10.491748394694422
BTC/USD,2026-01-29 06:36:05.190354+00:00,88127.8,1.28712,88278.679,2.54416,88203.2395,150.87900000000081,17.105834304419265
BTC/USD,2026-01-29 06:36:05.190359+00:00,88127.8,1.28712,88219.0,1.2746,88173.4,91.19999999999709,10.343255448921909
BTC/USD,2026-01-29 06:36:05.692302+00:00,88096.901,2.5455,88219.0,1.2746,88157.9505,122.09900000000198,13.850027060236837
BTC/USD,2026-01-29 06:36:05.692328+00:00,88122.049,1.28686,88219.0,1.2746,88170.5245,96.95100000000093,10.9958515671528
BTC/USD,2026-01-29 06:36:05.692381+00:00,88122.049,1.28686,88238.6,2.53787,88180.3245,116.55100000000675,13.217347595495267
BTC/USD,2026-01-29 06:36:05.692396+00:00,88122.049,1.28686,88206.597,1.2818,88164.323,84.54799999999523,9.589820136201265
BTC/USD,2026-01-29 06:36:09.133928+00:00,88107.51,2.57557,88206.597,1.2818,88157.0535,99.08699999999953,11.239826657772715
BTC/USD,2026-01-29 06:36:09.133943+00:00,88128.3,1.266,88206.597,1.2818,88167.4485,78.29699999999139,8.88048835846615
BTC/USD,2026-01-29 06:36:09.134025+00:00,88128.3,1.266,88263.51,2.545,88195.905,135.20999999999185,15.330643752676709
BTC/USD,2026-01-29 06:36:09.134038+00:00,88128.3,1.266,88219.7,1.2842,88174.0,91.39999999999418,10.365867489281896
BTC/USD,2026-01-29 06:36:09.292517+00:00,88092.7,2.53072,88219.7,1.2842,88156.2,127.0,14.406247093227703
BTC/USD,2026-01-29 06:36:09.292538+00:00,88145.4,1.272,88219.7,1.2842,88182.54999999999,74.30000000000291,8.42570327122576
BTC/USD,2026-01-29 06:36:09.292546+00:00,88145.4,1.272,88235.8,2.5731,88190.6,90.40000000000873,10.250525566217798
BTC/USD,2026-01-29 06:36:09.292653+00:00,88145.4,1.272,88245.52,1.284,88195.45999999999,100.1200000000099,11.352058257875168
BTC/USD,2026-01-29 06:36:09.292663+00:00,88145.4,1.272,88245.253,2.5373,88195.3265,99.8530000000028,11.321801728349268
BTC/USD,2026-01-29 06:36:10.092563+00:00,88123.7,2.575,88245.253,2.5373,88184.47649999999,121.55299999999988,13.783945295632604
BTC/USD,2026-01-29 06:36:10.092591+00:00,88136.63,1.2872,88245.253,2.5373,88190.9415,108.62299999999232,12.316797865231125
BTC/USD,2026-01-29 06:36:10.092598+00:00,88136.63,1.2872,88245.52,1.284,88191.07500000001,108.88999999999942,12.347054392975638
BTC/USD,2026-01-29 06:36:10.092603+00:00,88136.63,1.2872,88240.7,1.27493,88188.66500000001,104.06999999999243,11.80083630929127
BTC/USD,2026-01-29 06:36:10.092609+00:00,88149.38,2.5314,88240.7,1.27493,88195.04000000001,91.31999999999243,10.354323780565485
BTC/USD,2026-01-29 06:36:39.269182+00:00,88136.63,1.2872,88240.7,1.27493,88188.66500000001,104.06999999999243,11.80083630929127
BTC/USD,2026-01-29 06:36:39.269193+00:00,88152.259,1.2779,88240.7,1.27493,88196.4795,88.44099999999162,10.027724519320708
BTC/USD,2026-01-29 06:36:39.269212+00:00,88152.259,1.2779,88253.8,2.56406,88203.0295,101.54099999999744,11.512189612489154
BTC/USD,2026-01-29 06:36:39.269226+00:00,88152.259,1.2779,88249.8,1.28356,88201.0295,97.54099999999744,11.058941211111081
BTC/USD,2026-01-29 06:36:39.497159+00:00,88120.56,2.56,88249.8,1.28356,88185.18,129.24000000000524,14.655523751270366
BTC/USD,2026-01-29 06:36:39.497185+00:00,88120.56,2.56,88252.682,2.54783,88186.621,132.12200000000303,14.982091217669291
BTC/USD,2026-01-29 06:36:39.497207+00:00,88120.56,2.56,88208.02,1.28863,88164.29000000001,87.4600000000064,9.92011618309481
BTC/USD,2026-01-29 06:36:39.497217+00:00,88118.79,1.26636,88208.02,1.28863,88163.405,89.23000000001048,10.120979333773517
BTC/USD,2026-01-29 06:36:40.317754+00:00,88114.72,2.5739,88208.02,1.28863,88161.37,93.30000000000291,10.582866396019357
BTC/USD,2026-01-29 06:36:40.317770+00:00,88119.9,1.2822,88208.02,1.28863,88163.95999999999,88.1200000000099,9.995013835586548
BTC/USD,2026-01-29 06:36:40.317880+00:00,88119.9,1.2822,88247.752,2.5663,88183.826,127.85199999999895,14.4983502983868
BTC/USD,2026-01-29 06:36:40.317936+00:00,88119.9,1.2822,88231.72,1.276,88175.81,111.82000000000698,12.681482597098569
BTC/USD,2026-01-29 06:36:41.287494+00:00,88119.9,1.2822,88231.72,1.275944,88175.81,111.82000000000698,12.681482597098569
BTC/USD,2026-01-29 06:36:41.541662+00:00,88093.9,2.5762,88231.72,1.275944,88162.81,137.82000000000698,15.632441842541882
BTC/USD,2026-01-29 06:36:41.541693+00:00,88144.942,1.26572,88231.72,1.275944,88188.331,86.7780000000057,9.840077368059692
BTC/USD,2026-01-29 06:36:41.541704+00:00,88144.942,1.26572,88264.22,2.546,88204.581,119.2780000000057,13.52288040459097
BTC/USD,2026-01-29 06:36:41.541710+00:00,88144.942,1.26572,88232.347,1.28317,88188.6445,87.40499999999884,9.911139976757307
BTC/USD,2026-01-29 06:36:52.810454+00:00,88114.65,2.5543,88232.347,1.28317,88173.49849999999,117.69700000000012,13.348341848996741
BTC/USD,2026-01-29 06:36:52.810478+00:00,88152.3,1.26886,88232.347,1.28317,88192.3235,80.04699999999139,9.07641354975656
BTC/USD,2026-01-29 06:36:52.810610+00:00,88152.3,1.26886,88237.0,2.53279,88194.65,84.69999999999709,9.603757143998768
BTC/USD,2026-01-29 06:36:52.810620+00:00,88152.3,1.26886,88205.645,1.269,88178.9725,53.345000000001164,6.049628214935388
BTC/USD,2026-01-29 06:36:52.934306+00:00,88093.313,2.5643,88205.645,1.269,88149.47899999999,112.33200000000943,12.743353820617527
BTC/USD,2026-01-29 06:36:52.934324+00:00,88135.3,1.28192,88205.645,1.269,88170.4725,70.34500000000116,7.978294547531336
BTC/USD,2026-01-29 06:36:52.934330+00:00,88135.3,1.28192,88252.766,2.5514,88194.033,117.46600000000035,13.319041663510314
BTC/USD,2026-01-29 06:36:52.934362+00:00,88135.3,1.28192,88192.0,1.2752,88163.65,56.69999999999709,6.4312219378391315
BTC/USD,2026-01-29 06:36:53.098807+00:00,88104.13,2.5652,88192.0,1.2752,88148.065,87.86999999999534,9.968454781167951
BTC/USD,2026-01-29 06:36:53.098818+00:00,88139.1,1.27323,88192.0,1.2752,88165.55,52.89999999999418,6.00007599340039
BTC/USD,2026-01-29 06:36:53.098827+00:00,88139.1,1.27323,88246.118,2.56915,88192.609,107.01799999999639,12.134576946237795
BTC/USD,2026-01-29 06:36:53.098834+00:00,88139.1,1.27323,88233.1,1.2699,88186.1,94.0,10.659276235143633
BTC/USD,2026-01-29 06:36:53.099352+00:00,88139.1,1.27323,88215.481,2.5341,88177.2905,76.38099999999395,8.662207646309335
BTC/USD,2026-01-29 06:37:03.512633+00:00,88088.034,2.55579,88215.481,2.5341,88151.7575,127.44700000000012,14.457681118836469
BTC/USD,2026-01-29 06:37:03.512681+00:00,88108.9,1.274,88215.481,2.5341,88162.1905,106.58100000000559,12.089195991563479
BTC/USD,2026-01-29 06:37:03.512695+00:00,88108.9,1.274,88233.1,1.2699,88171.0,124.20000000001164,14.086264191175289
BTC/USD,2026-01-29 06:37:03.512705+00:00,88108.9,1.274,88199.2,1.27003,88154.04999999999,90.30000000000291,10.243431810563772
BTC/USD,2026-01-29 06:37:06.716638+00:00,88079.51,2.545,88199.2,1.27003,88139.355,119.69000000000233,13.579631936267555
BTC/USD,2026-01-29 06:37:06.716667+00:00,88143.43,1.285,88199.2,1.27003,88171.315,55.770000000004075,6.325186371554521
BTC/USD,2026-01-29 06:37:06.716677+00:00,88143.43,1.285,88248.1,2.541,88195.765,104.6700000000128,11.867916787162377
BTC/USD,2026-01-29 06:37:06.716685+00:00,88143.43,1.285,88224.117,1.27166,88183.7735,80.68700000000536,9.149869278388882
BTC/USD,2026-01-29 06:37:06.854874+00:00,88128.781,2.558,88224.117,1.27166,88176.449,95.33599999999569,10.81195728351407
BTC/USD,2026-01-29 06:37:06.854896+00:00,88140.414,1.273,88224.117,1.27166,88182.26550000001,83.70299999999406,9.492044633395595
BTC/USD,2026-01-29 06:37:06.854909+00:00,88140.414,1.273,88260.79,2.577,88200.602,120.37599999998929,13.647979409481728
BTC/USD,2026-01-29 06:37:06.854916+00:00,88140.414,1.273,88230.5,1.2687,88185.457,90.08599999999569,10.215516601563419
BTC/USD,2026-01-29 06:37:06.895626+00:00,88089.7,2.5389,88230.5,1.2687,88160.1,140.8000000000029,15.970943771615833
BTC/USD,2026-01-29 06:37:06.895642+00:00,88162.672,1.278,88230.5,1.2687,88196.58600000001,67.82799999999406,7.690547114827558
BTC/USD,2026-01-29 06:37:06.895829+00:00,88162.672,1.278,88232.0,2.551,88197.33600000001,69.32799999999406,7.860554881158095
BTC/USD,2026-01-29 06:37:06.896181+00:00,88162.672,1.278,88247.3,1.27666,88204.986,84.62799999999697,9.594468956663853
BTC/USD,2026-01-29 06:37:08.903927+00:00,88116.2,2.5338,88247.3,1.27666,88181.75,131.10000000000582,14.867021804398963
BTC/USD,2026-01-29 06:37:08.903944+00:00,88142.5,1.28074,88247.3,1.27666,88194.9,104.80000000000291,11.882773266935267
BTC/USD,2026-01-29 06:37:08.903962+00:00,88142.5,1.28074,88263.364,2.575,88202.932,120.8640000000014,13.702945838580671
BTC/USD,2026-01-29 06:37:08.904319+00:00,88142.5,1.28074,88246.0,1.2756,88194.25,103.5,11.735458944318932
BTC/USD,2026-01-29 06:37:08.904414+00:00,88142.5,1.28074,88240.9,2.56,88191.7,98.39999999999418,11.157512555035698
BTC/USD,2026-01-29 06:37:09.101277+00:00,88087.87,2.55266,88240.9,2.56,88164.385,153.02999999999884,17.357349002094082
BTC/USD,2026-01-29 06:37:09.101503+00:00,88113.58,1.285,88240.9,2.56,88177.23999999999,127.31999999999243,14.439100157817647
BTC/USD,2026-01-29 06:37:09.101512+00:00,88113.58,1.285,88246.0,1.2756,88179.79000000001,132.41999999999825,15.017046422995364
BTC/USD,2026-01-29 06:37:09.101519+00:00,88113.58,1.285,88239.831,1.26913,88176.70550000001,126.25100000000384,14.317953850068012
BTC/USD,2026-01-29 06:37:09.980356+00:00,88113.24,2.554,88239.831,1.26913,88176.5355,126.59100000000035,14.35654046534867
BTC/USD,2026-01-29 06:37:09.980431+00:00,88140.741,1.271,88239.831,1.26913,88190.286,99.09000000001106,11.235931358699876
BTC/USD,2026-01-29 06:37:09.980446+00:00,88140.741,1.271,88257.279,2.566,88199.01,116.53800000000047,13.213073480076531
BTC/USD,2026-01-29 06:37:09.980453+00:00,88140.741,1.271,88205.35,1.27739,88173.04550000001,64.60900000001129,7.327522785862182
BTC/USD,2026-01-29 06:37:11.098280+00:00,88072.037,2.53882,88205.35,1.27739,88138.6935,133.3130000000092,15.125366023267546
BTC/USD,2026-01-29 06:37:11.098292+00:00,88099.2,1.27094,88205.35,1.27739,88152.275,106.15000000000873,12.041663133482233
BTC/USD,2026-01-29 06:37:11.098330+00:00,88099.2,1.27094,88236.46,2.56687,88167.83,137.2600000000093,15.568036550293833
BTC/USD,2026-01-29 06:37:11.098339+00:00,88099.2,1.27094,88233.986,1.278,88166.593,134.78600000000733,15.28764982446439
BTC/USD,2026-01-29 06:37:15.499798+00:00,88078.446,2.578,88233.986,1.278,88156.216,155.54000000000815,17.64367926137031
BTC/USD,2026-01-29 06:37:15.499944+00:00,88106.61,1.272,88233.986,1.278,88170.29800000001,127.37600000000384,14.446588351102525
BTC/USD,2026-01-29 06:37:15.499957+00:00,88106.61,1.272,88243.552,2.535,88175.081,136.94199999999546,15.530691715496747
BTC/USD,2026-01-29 06:37:15.499963+00:00,88106.61,1.272,88231.3,1.27513,88168.955,124.69000000000233,14.142166026579574
BTC/USD,2026-01-29 06:37:15.500048+00:00,88106.61,1.272,88221.3,2.5383,88163.955,114.69000000000233,13.00871767833037
BTC/USD,2026-01-29 06:37:17.647603+00:00,88070.07,2.549,88221.3,2.5383,88145.685,151.22999999999593,17.156823955704233
BTC/USD,2026-01-29 06:37:17.647635+00:00,88094.94,1.275,88221.3,2.5383,88158.12,126.36000000000058,14.333336509444687
BTC/USD,2026-01-29 06:37:17.647645+00:00,88094.94,1.275,88231.3,1.27513,88163.12,136.36000000000058,15.466784750811971
BTC/USD,2026-01-29 06:37:17.647677+00:00,88094.94,1.275,88210.326,1.281,88152.633,115.3859999999986,13.089342436317086
BTC/USD,2026-01-29 06:37:21.036685+00:00,88064.578,2.543,88210.326,1.281,88137.45199999999,145.74800000000687,16.536443554098533
BTC/USD,2026-01-29 06:37:21.036710+00:00,88113.589,1.28331,88210.326,1.281,88161.9575,96.73699999999371,10.97264656356952
BTC/USD,2026-01-29 06:37:21.036756+00:00,88113.589,1.28331,88225.05,2.564,88169.31950000001,111.46099999999569,12.64169902093842
BTC/USD,2026-01-29 06:37:21.036768+00:00,88113.589,1.28331,88183.483,1.277,88148.536,69.89399999998568,7.929116372390539
BTC/USD,2026-01-29 06:37:21.092301+00:00,88082.1,2.576,88183.483,1.277,88132.79149999999,101.38299999998708,11.503436833722336
BTC/USD,2026-01-29 06:37:21.092395+00:00,88082.1,2.576,88202.23,2.55016,88142.16500000001,120.1299999999901,13.629118368035332
BTC/USD,2026-01-29 06:37:21.092425+00:00,88082.1,2.576,88184.023,1.282,88133.06150000001,101.92299999999523,11.564672583170756
BTC/USD,2026-01-29 06:37:21.092433+00:00,88078.569,1.27,88184.023,1.282,88131.296,105.4539999999979,11.965556480639737
BTC/USD,2026-01-29 06:37:28.703339+00:00,88065.923,2.5323,88184.023,1.282,88124.973,118.10000000000582,13.401422545684731
